Title,Name,Id,Description,Urgency Level,Date
luctus felis purus ac tellus. Suspendisse sed dolor. Fusce,Lamar Stanley,S3M2Q6Y9G,"malesuada fringilla est. Mauris eu turpis. Nulla aliquet. Proin velit. Sed malesuada augue ut lacus. Nulla tincidunt, neque vitae semper egestas, urna justo faucibus lectus, a sollicitudin orci sem eget massa. Suspendisse eleifend. Cras sed leo.",2,11/Jun/2021
"non, vestibulum nec, euismod in, dolor. Fusce",Hyatt Harrell,L9J9F5A8W,"et ultrices posuere cubilia Curae Donec tincidunt. Donec vitae erat vel pede blandit congue. In scelerisque scelerisque dui. Suspendisse ac metus vitae velit egestas lacinia. Sed congue, elit sed consequat auctor, nunc nulla vulputate dui, nec",1,19/Jan/2022
"libero mauris, aliquam eu, accumsan sed,",Chancellor Fitzpatrick,Q5J2H8F7A,Ut semper pretium neque. Morbi quis urna. Nunc quis arcu vel quam dignissim pharetra. Nam ac nulla. In tincidunt congue turpis. In condimentum. Donec at arcu. Vestibulum ante ipsum primis in faucibus orci luctus et ultrices posuere cubilia Curae Donec tincidunt. Donec vitae erat vel pede blandit congue. In,3,13/Jan/2021
risus. Morbi metus. Vivamus euismod urna.,Amelia Good,L1R2W7U7G,"arcu. Morbi sit amet massa. Quisque porttitor eros nec tellus. Nunc lectus pede, ultrices a, auctor non, feugiat nec, diam. Duis mi enim, condimentum eget, volutpat ornare, facilisis eget, ipsum. Donec sollicitudin adipiscing ligula. Aenean gravida nunc sed pede. Cum sociis natoque penatibus et magnis",1,2/May/2023
"justo nec ante. Maecenas mi felis,",Rhiannon Key,K1D4O9H4S,"tristique pellentesque,",2,29/Dec/2022
"sagittis augue, eu tempor erat neque non",Trevor Abbott,U9J1E4D3D,"Curae Donec tincidunt. Donec vitae erat vel pede blandit congue. In scelerisque scelerisque dui. Suspendisse ac metus vitae velit egestas lacinia. Sed congue, elit sed consequat",3,14/Apr/2022
"iaculis enim, sit amet ornare lectus justo eu",Juliet Mullen,T5E7H5J0G,"Maecenas mi felis, adipiscing fringilla, porttitor vulputate, posuere vulputate, lacus. Cras interdum. Nunc sollicitudin commodo ipsum. Suspendisse non leo. Vivamus nibh dolor, nonummy ac, feugiat non, lobortis quis, pede. Suspendisse dui. Fusce diam nunc, ullamcorper eu, euismod ac, fermentum vel, mauris. Integer sem elit,",2,2/Nov/2021
Donec tincidunt. Donec vitae erat vel pede blandit congue.,Macey Herring,Z1F0N4S0R,"rutrum urna, nec luctus felis purus ac tellus. Suspendisse sed dolor. Fusce mi lorem, vehicula et, rutrum eu, ultrices sit amet, risus. Donec nibh enim, gravida",2,12/May/2021
elit. Curabitur sed tortor. Integer aliquam adipiscing lacus.,Constance Mays,H2B8B9E7J,"lectus ante dictum mi, ac mattis velit justo nec ante. Maecenas mi felis, adipiscing fringilla, porttitor vulputate, posuere vulputate, lacus. Cras",3,9/Jun/2022
"dictum eu,",Rashad Rocha,V0R2S1F4V,"lobortis tellus justo sit amet nulla. Donec non justo. Proin non massa non ante bibendum ullamcorper. Duis cursus, diam at pretium aliquet, metus urna convallis erat, eget tincidunt dui augue eu",3,21/Apr/2022
"lacus pede sagittis augue, eu tempor erat neque non quam.",Chanda Garner,L0A1F9F6P,"lobortis quam a felis ullamcorper viverra. Maecenas iaculis aliquet diam. Sed diam lorem, auctor",4,23/Feb/2021
vel turpis. Aliquam adipiscing lobortis risus. In mi,Kay Underwood,U0O6Y7P3P,"amet, faucibus ut, nulla.",4,8/May/2023
eget lacus. Mauris,Marah Gonzales,L3F1K4C6T,velit. Quisque varius. Nam porttitor scelerisque neque. Nullam nisl. Maecenas malesuada fringilla est. Mauris eu turpis. Nulla aliquet. Proin velit. Sed,3,18/May/2022
erat. Etiam vestibulum,Kylan Nielsen,Y8P6K4Q1M,"est ac mattis semper, dui lectus rutrum urna, nec luctus felis purus ac tellus. Suspendisse sed dolor. Fusce mi lorem, vehicula et, rutrum eu, ultrices sit amet, risus. Donec nibh enim, gravida sit amet, dapibus id, blandit at, nisi. Cum sociis natoque penatibus",5,3/Sep/2022
"tempus,",Ivor Lawson,Y3D9R9K1M,"et magnis dis parturient montes, nascetur ridiculus mus. Proin vel",4,1/Dec/2022
"nec, diam. Duis mi enim, condimentum eget, volutpat ornare, facilisis",Wang Cochran,Q7D3P2P6W,"neque vitae semper egestas, urna justo faucibus lectus, a sollicitudin orci sem eget massa. Suspendisse eleifend. Cras sed leo. Cras vehicula aliquet libero. Integer in magna. Phasellus dolor elit, pellentesque a, facilisis non, bibendum sed, est. Nunc laoreet lectus quis massa. Mauris vestibulum, neque sed dictum eleifend, nunc risus",4,12/Jul/2022
"semper et, lacinia",Owen Black,T8O8P4O4B,"sed dictum eleifend, nunc",3,5/Sep/2021
a nunc.,Buffy Coffey,E9P6Y1S3G,"et ipsum cursus vestibulum. Mauris magna. Duis dignissim tempor arcu. Vestibulum ut eros non enim commodo hendrerit. Donec porttitor tellus non magna. Nam ligula elit, pretium et, rutrum non, hendrerit id, ante. Nunc mauris sapien, cursus in, hendrerit consectetuer, cursus et, magna. Praesent interdum ligula eu enim. Etiam imperdiet",2,22/Aug/2021
lorem semper auctor. Mauris vel turpis. Aliquam adipiscing lobortis risus.,Harper Duran,S5Y3W0M5P,"vel, convallis in, cursus et, eros. Proin ultrices. Duis volutpat nunc sit amet metus. Aliquam erat volutpat. Nulla facilisis. Suspendisse commodo tincidunt nibh. Phasellus nulla. Integer vulputate, risus a ultricies adipiscing, enim mi tempor lorem, eget mollis lectus pede et risus. Quisque libero lacus, varius",4,15/Jun/2021
a,Salvador Shields,C3T5T5C1N,"vulputate, lacus. Cras interdum. Nunc sollicitudin commodo ipsum. Suspendisse non leo. Vivamus nibh dolor, nonummy ac, feugiat non, lobortis quis, pede. Suspendisse dui. Fusce diam nunc, ullamcorper eu, euismod ac, fermentum vel, mauris. Integer sem elit, pharetra ut, pharetra sed, hendrerit a,",3,8/Jun/2021
"elit fermentum risus, at fringilla purus mauris a nunc.",Jane Chan,U5K7L0O7X,et malesuada fames ac turpis egestas. Fusce aliquet magna a neque. Nullam ut nisi a odio semper cursus. Integer mollis. Integer tincidunt aliquam arcu. Aliquam ultrices iaculis odio. Nam interdum enim non nisi. Aenean eget metus. In nec orci. Donec nibh. Quisque nonummy ipsum non arcu.,2,15/May/2021
ac mattis,Cecilia Malone,N7S4X4C8S,diam luctus lobortis. Class aptent,1,9/Jan/2021
magna a neque.,Maggie Lowe,Y8U4D7J0K,"lorem tristique aliquet. Phasellus fermentum convallis ligula. Donec luctus aliquet odio. Etiam ligula tortor, dictum eu, placerat eget, venenatis a, magna. Lorem ipsum",3,25/Dec/2020
"ornare, libero",Tarik Burton,L9V5F7N6I,"enim. Mauris quis turpis vitae purus gravida sagittis. Duis gravida. Praesent eu nulla at sem molestie sodales. Mauris blandit enim consequat purus. Maecenas libero est, congue a, aliquet",5,13/Sep/2021
"vestibulum nec, euismod in, dolor. Fusce feugiat. Lorem",Orson Mathews,U7J6V1C1R,"Vivamus non lorem vitae odio sagittis semper. Nam tempor diam dictum sapien. Aenean massa. Integer vitae nibh. Donec est mauris, rhoncus id, mollis nec, cursus a, enim. Suspendisse aliquet, sem ut cursus luctus, ipsum leo elementum",3,27/Apr/2022
